code,time_total,time_connect,time_appconnect,time_starttransfer,size_downloaded,speed_download,http_version
200,3.872214,0.097873,0.199519,0.253766,906419,234095.000,2
200,3.402680,0.036261,0.105897,0.220822,906419,266437.000,2
200,3.314942,0.042453,0.139259,0.187839,906419,273512.000,2
200,2.902301,0.020323,0.109900,0.138277,906419,312342.000,2
200,3.698202,0.035384,0.099142,0.129137,906419,245110.000,2
200,1.813006,0.022353,0.125092,0.173410,906419,499955.000,2
200,0.515847,0.029661,0.105276,0.166059,906419,1760036.000,2
200,0.740310,0.044945,0.125219,0.149763,906419,1224890.000,2
200,0.480328,0.035642,0.121166,0.151318,906419,1888372.000,2
200,0.389458,0.020393,0.091942,0.122499,906419,2330125.000,2
200,0.454811,0.024465,0.079931,0.112033,906419,1996517.000,2
200,0.434001,0.036791,0.096168,0.157526,906419,2088523.000,2
200,0.444220,0.030627,0.155426,0.184353,906419,2041484.000,2
200,0.374771,0.026141,0.095338,0.120771,906419,2423580.000,2
200,1.386360,0.025558,0.142048,0.195671,906419,653981.000,2
200,0.742723,0.075559,0.148834,0.178787,906419,1221588.000,2
200,0.563964,0.025112,0.106756,0.142220,906419,1609980.000,2
200,0.665841,0.063235,0.221883,0.255589,906419,1363036.000,2
200,0.728219,0.027943,0.140413,0.179519,906419,1245081.000,2
200,0.765648,0.023698,0.108381,0.141543,906419,1184861.000,2
200,0.762291,0.038524,0.106434,0.136042,906419,1189526.000,2
200,0.584858,0.033361,0.102191,0.139717,906419,1552087.000,2
200,0.598765,0.023806,0.112032,0.140827,906419,1515750.000,2
200,0.536327,0.024982,0.089357,0.127279,906419,1691080.000,2
200,0.644245,0.053470,0.125135,0.172949,906419,1407482.000,2
200,0.693855,0.026207,0.094540,0.120703,906419,1307963.000,2
200,0.746762,0.045431,0.111868,0.151711,906419,1215038.000,2
200,0.611760,0.028507,0.107805,0.143146,906419,1483500.000,2
200,0.692135,0.042958,0.240358,0.272048,906419,1309854.000,2
200,1.039407,0.032070,0.107670,0.158605,906419,872395.000,2
200,0.749319,0.052339,0.143716,0.172807,906419,1210172.000,2
200,0.576584,0.033653,0.121603,0.150580,906419,1573644.000,2
200,0.787649,0.130530,0.255366,0.281962,906419,1151739.000,2
200,0.573042,0.031330,0.096010,0.120983,906419,1581883.000,2
200,0.606619,0.022512,0.126935,0.152791,906419,1495740.000,2
200,0.721081,0.033944,0.103211,0.150003,906419,1257169.000,2
200,0.989245,0.025818,0.104219,0.130200,906419,916500.000,2
200,0.856907,0.055119,0.146034,0.187028,906419,1058900.000,2
200,2.140702,0.077314,0.149719,0.182214,906419,423560.000,2
200,0.525170,0.027385,0.118780,0.163348,906419,1726512.000,2
200,0.645138,0.025798,0.105630,0.141416,906419,1405300.000,2
200,0.432418,0.024138,0.109472,0.160848,906419,2098192.000,2
200,0.429613,0.024212,0.087027,0.121967,906419,2112864.000,2
200,0.439206,0.017893,0.087675,0.122213,906419,2064735.000,2
200,0.329737,0.022749,0.080527,0.109089,906419,2755072.000,2
200,0.972193,0.023108,0.082039,0.109519,906419,932529.000,2
200,0.355709,0.024165,0.088002,0.111071,906419,2553292.000,2
200,0.347803,0.021517,0.080470,0.125568,906419,2612158.000,2
200,0.334258,0.027231,0.082603,0.113660,906419,2713829.000,2
200,0.389072,0.052774,0.140760,0.174529,906419,2330125.000,2
200,0.517184,0.054545,0.114916,0.153250,906419,1753228.000,2
200,0.336622,0.021489,0.085069,0.114587,906419,2697675.000,2
200,0.374713,0.026144,0.095359,0.118392,906419,2423580.000,2
200,0.503581,0.022820,0.081753,0.144878,906419,1802025.000,2
200,0.446297,0.032856,0.093796,0.123308,906419,2032329.000,2
200,0.398162,0.021860,0.083677,0.109039,906419,2277434.000,2
200,0.629846,0.042564,0.112628,0.145668,906419,1441047.000,2
200,0.475202,0.044295,0.122232,0.155453,906419,1908250.000,2
200,0.522965,0.046505,0.103925,0.133876,906419,1736434.000,2
200,0.455692,0.080954,0.141733,0.170508,906419,1992129.000,2
200,0.767977,0.050953,0.119197,0.174695,906419,1181771.000,2
200,0.557779,0.022187,0.169265,0.204291,906419,1627323.000,2
200,0.458940,0.019117,0.084951,0.112813,906419,1979080.000,2
200,0.353297,0.023042,0.084195,0.111955,906419,2567759.000,2
200,0.360058,0.024052,0.096858,0.129627,906419,2517830.000,2
200,0.378138,0.031489,0.100983,0.128768,906419,2397933.000,2
200,0.350485,0.022310,0.081673,0.111110,906419,2589768.000,2
200,0.355269,0.021778,0.106153,0.132134,906419,2553292.000,2
200,0.403243,0.018604,0.111051,0.151093,906419,2249178.000,2
200,0.543203,0.023805,0.083043,0.133953,906419,1669279.000,2
200,0.568386,0.025808,0.111867,0.150329,906419,1595808.000,2
200,0.963844,0.047490,0.110111,0.177923,906419,941245.000,2
200,0.771350,0.039212,0.251688,0.307830,906419,1175640.000,2
200,0.492244,0.054370,0.167415,0.200001,906419,1842315.000,2
200,0.645682,0.022949,0.086013,0.118916,906419,1405300.000,2
200,0.487679,0.075712,0.149104,0.190930,906419,1861229.000,2
200,0.552220,0.025130,0.153616,0.191827,906419,1642063.000,2
200,0.434627,0.029560,0.087555,0.114229,906419,2088523.000,2
200,0.684323,0.029038,0.101357,0.152060,906419,1325173.000,2
200,0.420979,0.023462,0.149890,0.187369,906419,2158140.000,2
200,0.396762,0.035433,0.110537,0.146073,906419,2288936.000,2
200,0.703246,0.043464,0.146431,0.375690,906419,1289358.000,2
200,0.550373,0.048445,0.182659,0.207270,906419,1648034.000,2
200,0.499684,0.035517,0.101464,0.128139,906419,1816470.000,2
200,0.564468,0.057133,0.143834,0.213484,906419,1607125.000,2
200,0.410832,0.027569,0.095306,0.130264,906419,2210778.000,2
200,0.504373,0.170298,0.252158,0.279570,906419,1798450.000,2
200,0.521428,0.026681,0.086186,0.149518,906419,1739767.000,2
200,0.348025,0.043036,0.107959,0.134409,906419,2604652.000,2
200,0.341817,0.019114,0.080858,0.104514,906419,2658120.000,2
200,0.595268,0.021335,0.114500,0.141901,906419,1523393.000,2
200,0.619467,0.053968,0.130644,0.192249,906419,1464327.000,2
200,0.416593,0.024316,0.094246,0.134746,906419,2178891.000,2
200,0.389800,0.047825,0.121705,0.150757,906419,2330125.000,2
200,0.357110,0.021832,0.083677,0.123538,906419,2538988.000,2
200,0.353653,0.023893,0.088181,0.114232,906419,2567759.000,2
200,0.424063,0.035684,0.100170,0.138457,906419,2137780.000,2
200,0.451568,0.027974,0.090166,0.125498,906419,2009798.000,2
200,0.469574,0.030583,0.086619,0.117848,906419,1932663.000,2
200,0.380984,0.026281,0.091660,0.124913,906419,2385313.000,2
200,0.384972,0.019493,0.098090,0.126770,906419,2360466.000,2
200,0.465548,0.021508,0.137891,0.169498,906419,1949288.000,2
200,0.348844,0.022280,0.076963,0.108083,906419,2604652.000,2
200,0.398090,0.024743,0.096596,0.127629,906419,2277434.000,2
200,0.384841,0.024550,0.087952,0.117829,906419,2360466.000,2
200,0.393621,0.018389,0.088713,0.136565,906419,2306409.000,2
200,0.311606,0.024862,0.086182,0.111417,906419,2914530.000,2
200,0.398689,0.022087,0.087180,0.129308,906419,2277434.000,2
200,0.398764,0.024592,0.090168,0.125815,906419,2277434.000,2
200,0.339980,0.022889,0.085618,0.115738,906419,2673802.000,2
200,0.529972,0.073023,0.160117,0.190852,906419,1713457.000,2
200,0.750928,0.038731,0.137447,0.164913,906419,1208558.000,2
200,1.101675,0.035289,0.153750,0.290673,906419,823268.000,2
200,0.634023,0.025368,0.187078,0.282314,906419,1429682.000,2
200,0.533632,0.036465,0.109519,0.216252,906419,1700598.000,2
200,0.460969,0.044610,0.119994,0.157080,906419,1970476.000,2
200,0.442066,0.030565,0.100050,0.131774,906419,2050721.000,2
200,0.534290,0.019954,0.091651,0.140538,906419,1697413.000,2
200,0.596133,0.057214,0.169128,0.209379,906419,1520837.000,2
200,0.635550,0.025469,0.101831,0.137635,906419,1427431.000,2
200,0.632329,0.031345,0.153471,0.205959,906419,1434207.000,2
200,0.434870,0.041774,0.131748,0.167257,906419,2088523.000,2
200,0.570560,0.030448,0.091181,0.160753,906419,1590208.000,2
200,0.436957,0.039907,0.115783,0.148744,906419,2078942.000,2
200,0.429115,0.022827,0.101952,0.134972,906419,2112864.000,2
200,0.408001,0.023343,0.084226,0.114143,906419,2221615.000,2
200,0.414983,0.030202,0.126572,0.160494,906419,2189417.000,2
200,0.385024,0.056375,0.114418,0.146802,906419,2354335.000,2
200,0.402600,0.032263,0.090650,0.129434,906419,2254773.000,2
200,1.241620,0.049692,0.197517,0.225680,906419,730394.000,2
200,0.496688,0.033360,0.186166,0.216847,906419,1827457.000,2
200,0.429879,0.028566,0.095180,0.134620,906419,2112864.000,2
200,0.449300,0.021711,0.090293,0.122236,906419,2018750.000,2
200,0.364104,0.021670,0.082252,0.110548,906419,2490162.000,2
200,0.500405,0.046225,0.110186,0.138852,906419,1812838.000,2
200,0.517667,0.033945,0.186322,0.213174,906419,1753228.000,2
200,0.731996,0.039012,0.209301,0.251129,906419,1239971.000,2
200,0.504291,0.023067,0.087571,0.124748,906419,1798450.000,2
200,0.483309,0.022347,0.157445,0.183651,906419,1876643.000,2
200,0.429961,0.037261,0.140702,0.181946,906419,2112864.000,2
200,0.354534,0.037317,0.098955,0.128789,906419,2560505.000,2
200,0.390803,0.019876,0.092443,0.123026,906419,2324151.000,2
200,0.527827,0.024755,0.101151,0.157713,906419,1719960.000,2
200,0.359002,0.024321,0.089349,0.121626,906419,2524844.000,2
200,0.393340,0.024141,0.095357,0.126570,906419,2306409.000,2
200,0.388281,0.020905,0.089350,0.118907,906419,2336131.000,2
200,0.387987,0.023832,0.093943,0.127540,906419,2342167.000,2
200,0.433332,0.023497,0.123238,0.149879,906419,2093346.000,2
200,0.477502,0.025804,0.102569,0.132661,906419,1900249.000,2
200,0.694959,0.063987,0.137605,0.170150,906419,1306079.000,2
200,0.711456,0.051586,0.123467,0.156003,906419,1274850.000,2
200,0.813264,0.021588,0.123531,0.150544,906419,1114906.000,2
200,0.666546,0.090773,0.218426,0.275665,906419,1360989.000,2
200,0.356185,0.019968,0.080216,0.108194,906419,2546120.000,2
200,0.454978,0.022300,0.093045,0.127441,906419,1996517.000,2
200,0.485372,0.028340,0.099544,0.216422,906419,1868905.000,2
200,0.402300,0.024175,0.128780,0.156951,906419,2254773.000,2
200,0.669807,0.021679,0.085258,0.131936,906419,1354886.000,2
200,0.452826,0.038169,0.108182,0.134296,906419,2005351.000,2
200,0.544608,0.032466,0.103231,0.148192,906419,1666211.000,2
200,0.422096,0.019386,0.088390,0.112839,906419,2147912.000,2
200,0.488214,0.027699,0.089023,0.122228,906419,1857415.000,2
200,0.428669,0.028274,0.092733,0.128844,906419,2117801.000,2
200,0.356033,0.023335,0.081284,0.108241,906419,2546120.000,2
200,0.386897,0.024518,0.088422,0.119413,906419,2348235.000,2
200,0.384120,0.024872,0.095601,0.124832,906419,2360466.000,2
200,0.405646,0.037085,0.119566,0.144951,906419,2238071.000,2
200,0.333873,0.021518,0.086136,0.116363,906419,2721978.000,2
200,0.552430,0.022845,0.098211,0.138543,906419,1642063.000,2
200,1.126713,0.025941,0.082111,0.111437,906419,804990.000,2
200,0.422051,0.087757,0.157676,0.190799,906419,2147912.000,2
200,0.339685,0.021310,0.083830,0.114457,906419,2673802.000,2
200,0.393955,0.023032,0.084654,0.110469,906419,2306409.000,2
200,0.448746,0.026401,0.128417,0.153460,906419,2023256.000,2
200,0.561189,0.041884,0.131814,0.185191,906419,1615720.000,2
200,0.359096,0.019385,0.081552,0.108059,906419,2524844.000,2
200,0.518046,0.042366,0.114863,0.143795,906419,1749843.000,2
200,0.539820,0.022073,0.086033,0.147251,906419,1681667.000,2
200,0.544895,0.046214,0.114555,0.156704,906419,1666211.000,2
200,0.424934,0.041350,0.122479,0.149251,906419,2137780.000,2
200,0.660257,0.036497,0.126676,0.166271,906419,1373362.000,2
200,0.391416,0.020749,0.087636,0.116701,906419,2318207.000,2
200,0.329026,0.030225,0.089956,0.116220,906419,2755072.000,2
200,0.408713,0.057295,0.148118,0.179599,906419,2221615.000,2
200,0.405469,0.029651,0.094052,0.120498,906419,2238071.000,2
200,0.530960,0.026244,0.084588,0.111841,906419,1710224.000,2
200,0.756790,0.073784,0.151770,0.187946,906419,1198966.000,2
200,0.700255,0.049985,0.129878,0.165918,906419,1294884.000,2
200,0.663733,0.080335,0.151486,0.185067,906419,1367147.000,2
200,0.729130,0.046143,0.155307,0.192064,906419,1243373.000,2
200,1.029003,0.035706,0.231621,0.265228,906419,880873.000,2
200,0.597199,0.021322,0.134931,0.162336,906419,1518289.000,2
200,0.451085,0.026324,0.106780,0.137418,906419,2009798.000,2
200,0.440947,0.023887,0.094699,0.133497,906419,2060043.000,2
200,0.625566,0.076057,0.136785,0.164623,906419,1450270.000,2
200,0.548405,0.023445,0.086765,0.118540,906419,1654049.000,2
200,0.652538,0.044754,0.130288,0.186086,906419,1390213.000,2
200,0.365501,0.031635,0.100480,0.129425,906419,2483339.000,2
200,0.311619,0.021734,0.081742,0.106607,906419,2914530.000,2
200,0.361301,0.030823,0.092586,0.123103,906419,2510855.000,2
200,0.369479,0.024749,0.092597,0.126869,906419,2456420.000,2
200,0.411631,0.028085,0.109031,0.136036,906419,2205399.000,2
200,0.382056,0.033275,0.090490,0.137664,906419,2372824.000,2
200,0.316965,0.021768,0.085346,0.113164,906419,2868414.000,2
200,0.423741,0.020385,0.085505,0.111598,906419,2142834.000,2
200,0.371455,0.032919,0.097709,0.124634,906419,2443177.000,2
200,0.361082,0.031668,0.088295,0.114547,906419,2510855.000,2
200,0.719807,0.038613,0.349803,0.389242,906419,1260666.000,2
200,0.674286,0.039844,0.158138,0.196390,906419,1344835.000,2
200,0.944411,0.027920,0.135308,0.187296,906419,960189.000,2
200,0.465391,0.033806,0.134198,0.168465,906419,1949288.000,2
200,0.546868,0.038026,0.124525,0.170830,906419,1660108.000,2
200,0.512465,0.029017,0.115084,0.138894,906419,1770349.000,2
200,0.544529,0.072041,0.173379,0.205926,906419,1666211.000,2
200,0.369240,0.022937,0.088358,0.120734,906419,2456420.000,2
200,0.874149,0.027387,0.087626,0.119798,906419,1037092.000,2
200,0.804613,0.071611,0.167844,0.194081,906419,1127386.000,2
200,0.722295,0.041872,0.135165,0.171924,906419,1255427.000,2
200,0.602340,0.021567,0.083555,0.119306,906419,1505679.000,2
200,0.421277,0.025938,0.141820,0.175627,906419,2153014.000,2
200,0.543802,0.031797,0.138792,0.172650,906419,1669279.000,2
200,0.705522,0.033928,0.101466,0.137134,906419,1285700.000,2
200,0.504629,0.033762,0.150524,0.176226,906419,1798450.000,2
200,0.868487,0.087548,0.340951,0.390987,906419,1044261.000,2
200,0.581152,0.027583,0.137301,0.207854,906419,1560101.000,2
200,0.549382,0.034718,0.115200,0.183332,906419,1651036.000,2
200,0.525378,0.045636,0.141304,0.170295,906419,1726512.000,2
200,0.502923,0.037285,0.120664,0.152300,906419,1805615.000,2
200,0.474623,0.028221,0.087795,0.124270,906419,1912276.000,2
200,0.478473,0.023658,0.118267,0.153101,906419,1896274.000,2
200,0.799194,0.093575,0.161279,0.310722,906419,1134441.000,2
200,0.842654,0.072086,0.138410,0.175517,906419,1076507.000,2
200,1.083663,0.047131,0.200159,0.233527,906419,836951.000,2
200,0.506139,0.018495,0.109399,0.139860,906419,1791341.000,2
200,0.561538,0.060008,0.135711,0.167169,906419,1615720.000,2
200,0.412085,0.034284,0.094443,0.129988,906419,2200046.000,2
200,0.514086,0.029791,0.089529,0.123544,906419,1763461.000,2
200,0.735232,0.031063,0.107204,0.149595,906419,1233223.000,2
200,0.677884,0.115171,0.184205,0.211426,906419,1338875.000,2
200,0.747853,0.048086,0.169921,0.231250,906419,1213412.000,2
200,0.454189,0.023447,0.109473,0.139184,906419,1996517.000,2
200,0.523096,0.046649,0.105575,0.139385,906419,1733114.000,2
200,0.564222,0.060468,0.138307,0.163810,906419,1607125.000,2
200,0.802981,0.039022,0.129094,0.165908,906419,1130198.000,2
200,0.520067,0.031243,0.171258,0.199845,906419,1743113.000,2
200,0.602876,0.022462,0.085055,0.120253,906419,1505679.000,2
200,0.606482,0.063284,0.205581,0.239565,906419,1495740.000,2
200,0.557765,0.061251,0.142277,0.190055,906419,1627323.000,2
200,0.429098,0.022939,0.104448,0.139389,906419,2112864.000,2
200,0.531077,0.068167,0.145766,0.170901,906419,1707003.000,2
200,0.559655,0.070712,0.159165,0.191821,906419,1621500.000,2
200,0.456462,0.033812,0.119654,0.153413,906419,1987760.000,2
200,0.675472,0.023590,0.100452,0.136048,906419,1342842.000,2
200,0.568915,0.030368,0.098880,0.134514,906419,1595808.000,2
200,0.486943,0.033650,0.101483,0.124217,906419,1865059.000,2
200,0.542797,0.039112,0.123362,0.153717,906419,1672359.000,2
200,0.619334,0.023358,0.115416,0.190530,906419,1464327.000,2
200,0.597575,0.052577,0.184987,0.211637,906419,1518289.000,2
200,0.449338,0.029127,0.109671,0.145262,906419,2018750.000,2
200,0.492217,0.055213,0.115449,0.154453,906419,1842315.000,2
200,0.533157,0.063231,0.137323,0.181779,906419,1700598.000,2
200,0.546094,0.023473,0.086954,0.135373,906419,1660108.000,2
200,0.512205,0.034420,0.113850,0.163427,906419,1770349.000,2
200,0.496466,0.054346,0.120503,0.174504,906419,1827457.000,2
200,0.457883,0.064044,0.137254,0.179758,906419,1983411.000,2
200,0.437815,0.021454,0.095114,0.129868,906419,2074185.000,2
200,0.360598,0.034489,0.105092,0.136661,906419,2517830.000,2
200,0.441356,0.036330,0.098624,0.131114,906419,2055371.000,2
200,0.492980,0.018054,0.107000,0.133953,906419,1842315.000,2
200,0.459316,0.027032,0.088505,0.119130,906419,1974769.000,2
200,0.658591,0.054115,0.115522,0.149606,906419,1377536.000,2
200,0.596338,0.032825,0.138687,0.171667,906419,1520837.000,2
200,0.465586,0.040160,0.105327,0.140197,906419,1949288.000,2
200,0.512244,0.037124,0.115502,0.150165,906419,1770349.000,2
200,0.456160,0.028652,0.120334,0.155918,906419,1987760.000,2
200,0.927534,0.069768,0.320122,0.354497,906419,977798.000,2
200,0.824062,0.103836,0.214890,0.273521,906419,1100023.000,2
200,1.755837,0.030853,0.140286,0.286535,906419,516478.000,2
200,0.716408,0.072893,0.188899,0.240065,906419,1265948.000,2
200,0.696847,0.101399,0.256137,0.286192,906419,1302326.000,2
200,0.568484,0.028445,0.086158,0.111560,906419,1595808.000,2
200,1.221115,0.019180,0.115883,0.171092,906419,742357.000,2
200,0.842827,0.022405,0.114374,0.154211,906419,1076507.000,2
200,0.795374,0.017594,0.103057,0.132901,906419,1140149.000,2
200,0.723194,0.025436,0.088366,0.123267,906419,1253691.000,2
200,0.677414,0.038348,0.119401,0.188790,906419,1338875.000,2
200,0.515410,0.033469,0.148911,0.188925,906419,1760036.000,2
200,1.263206,0.040408,0.357398,0.420958,906419,717671.000,2
200,1.019236,0.029715,0.098355,0.132359,906419,889518.000,2
200,0.573290,0.048376,0.121219,0.168640,906419,1581883.000,2
200,1.558543,0.035226,0.198032,0.236455,906419,581783.000,2
200,0.714677,0.078772,0.197814,0.247386,906419,1269494.000,2
200,0.563462,0.031650,0.102909,0.136708,906419,1609980.000,2
200,0.628788,0.031960,0.108757,0.134357,906419,1443342.000,2
200,0.622411,0.080804,0.159570,0.236919,906419,1457265.000,2
200,1.354246,0.037528,0.254340,0.413583,906419,669437.000,2
200,2.353763,0.042946,1.557898,1.647870,906419,385218.000,2
200,0.589462,0.028754,0.090182,0.134308,906419,1538911.000,2
200,0.592539,0.044325,0.104390,0.143914,906419,1531113.000,2
200,0.721218,0.037148,0.118797,0.193869,906419,1257169.000,2
200,0.736899,0.073457,0.303600,0.324559,906419,1231547.000,2
200,1.390613,0.055685,0.170079,0.195712,906419,652100.000,2
200,0.656108,0.024173,0.175480,0.322099,906419,1381736.000,2
200,0.554568,0.070314,0.165137,0.203444,906419,1636135.000,2
200,0.446022,0.031980,0.108424,0.133517,906419,2032329.000,2
200,0.453039,0.049173,0.116119,0.146533,906419,2000924.000,2
200,0.566172,0.046750,0.116325,0.150488,906419,1601446.000,2
200,0.472763,0.071852,0.148802,0.176272,906419,1920379.000,2
200,0.422970,0.023306,0.089141,0.115623,906419,2147912.000,2
200,0.760403,0.023237,0.090329,0.144591,906419,1192656.000,2
200,0.656466,0.073456,0.141799,0.247495,906419,1381736.000,2
200,0.600447,0.075720,0.229879,0.264708,906419,1510698.000,2
200,0.512262,0.042732,0.120615,0.152204,906419,1770349.000,2
200,0.600696,0.047265,0.138313,0.184610,906419,1510698.000,2
200,0.519013,0.034013,0.110053,0.158023,906419,1746472.000,2
200,0.476907,0.063780,0.177392,0.206772,906419,1904241.000,2
200,0.690174,0.035250,0.134524,0.169991,906419,1313650.000,2
200,0.485442,0.024616,0.097900,0.133046,906419,1868905.000,2
200,0.538638,0.106484,0.184197,0.210738,906419,1684793.000,2
200,0.561419,0.027511,0.094041,0.125647,906419,1615720.000,2
200,0.588842,0.048310,0.149123,0.186039,906419,1541528.000,2
200,0.788442,0.030026,0.109120,0.153130,906419,1150277.000,2
200,0.564459,0.025778,0.087108,0.126384,906419,1607125.000,2
200,0.637285,0.022664,0.117851,0.182632,906419,1422949.000,2
200,0.527249,0.022467,0.098292,0.127378,906419,1719960.000,2
200,1.006737,0.027673,0.100724,0.138075,906419,901012.000,2
200,0.650007,0.033423,0.120493,0.154805,906419,1394490.000,2
200,0.863227,0.023128,0.187843,0.215312,906419,1050311.000,2
200,1.375016,0.043602,0.113769,0.166790,906419,659213.000,2
200,0.987904,0.023685,0.095334,0.132415,906419,918357.000,2
200,0.796540,0.042030,0.141316,0.232470,906419,1138717.000,2
200,0.591652,0.054278,0.162370,0.198005,906419,1533703.000,2
200,0.428821,0.022965,0.100658,0.129411,906419,2117801.000,2
200,0.421218,0.033252,0.120957,0.150567,906419,2153014.000,2
200,0.629077,0.023878,0.121880,0.152750,906419,1441047.000,2
200,0.905036,0.036018,0.251022,0.350537,906419,1001567.000,2
200,0.590586,0.023313,0.107811,0.133325,906419,1536303.000,2
200,0.523503,0.026277,0.151060,0.186347,906419,1733114.000,2
200,0.553135,0.029934,0.126712,0.154464,906419,1639094.000,2
200,0.431729,0.037351,0.096999,0.133576,906419,2103060.000,2
200,0.681415,0.018731,0.109948,0.142402,906419,1331011.000,2
200,0.581191,0.024621,0.085819,0.124369,906419,1560101.000,2
200,0.768379,0.079472,0.147708,0.174722,906419,1180233.000,2
200,0.476584,0.023663,0.094515,0.128894,906419,1904241.000,2
200,1.194759,0.060683,0.218623,0.250366,906419,759144.000,2
200,0.522793,0.037249,0.110370,0.134549,906419,1736434.000,2
200,0.468250,0.021510,0.094295,0.122928,906419,1936792.000,2
200,0.482657,0.026189,0.104444,0.141766,906419,1880537.000,2
200,0.395064,0.028273,0.106639,0.139378,906419,2294731.000,2
200,0.406431,0.024800,0.087040,0.120951,906419,2232559.000,2
200,0.388643,0.036806,0.098260,0.127545,906419,2336131.000,2
200,0.492901,0.024884,0.105195,0.135680,906419,1842315.000,2
200,0.504843,0.023853,0.102657,0.129710,906419,1798450.000,2
200,0.400069,0.022560,0.094177,0.130338,906419,2266047.000,2
200,0.406817,0.028954,0.112830,0.143065,906419,2232559.000,2
200,0.371112,0.022438,0.087814,0.117013,906419,2443177.000,2
200,0.367858,0.022492,0.084520,0.115431,906419,2469806.000,2
200,0.384775,0.022929,0.084960,0.124859,906419,2360466.000,2
200,0.336598,0.020884,0.078836,0.104555,906419,2697675.000,2
200,0.345906,0.023138,0.080964,0.114003,906419,2627301.000,2
200,0.519305,0.039017,0.174700,0.208724,906419,1746472.000,2
200,0.586330,0.101887,0.193470,0.237469,906419,1546790.000,2
200,0.564550,0.053469,0.125784,0.154469,906419,1607125.000,2
200,0.740276,0.047634,0.137181,0.165151,906419,1224890.000,2
200,0.477603,0.022398,0.092833,0.119628,906419,1900249.000,2
200,0.399433,0.034045,0.111621,0.138758,906419,2271726.000,2
200,0.474211,0.025526,0.087723,0.117217,906419,1912276.000,2
200,0.387162,0.025828,0.092035,0.128251,906419,2342167.000,2
200,7.349555,6.719922,6.818718,6.852989,906419,123339.000,2
200,0.901611,0.074139,0.169317,0.241074,906419,1006014.000,2
200,1.479293,0.017385,0.082265,0.106013,906419,612859.000,2
200,1.101153,0.054775,0.178037,0.207986,906419,823268.000,2
200,2.300947,0.028753,0.526771,0.558370,906419,394095.000,2
200,0.689701,0.025535,0.147363,0.175472,906419,1315557.000,2
200,0.420443,0.025838,0.085520,0.114783,906419,2158140.000,2
200,0.503984,0.028124,0.087897,0.121008,906419,1802025.000,2
200,0.549185,0.029512,0.118289,0.155730,906419,1651036.000,2
200,0.526043,0.042357,0.101563,0.131314,906419,1723230.000,2
200,0.427450,0.022969,0.116821,0.147178,906419,2122761.000,2
200,0.470432,0.026757,0.090818,0.132457,906419,1928551.000,2
200,0.611726,0.022242,0.084612,0.167617,906419,1483500.000,2
200,0.656204,0.040858,0.110664,0.165624,906419,1381736.000,2
200,0.500452,0.030659,0.108651,0.158991,906419,1812838.000,2
200,0.532275,0.034795,0.145941,0.174842,906419,1703795.000,2
200,0.415566,0.017410,0.114974,0.144158,906419,2184142.000,2
200,0.497252,0.024105,0.119716,0.148941,906419,1823780.000,2
200,0.409536,0.028636,0.105216,0.132764,906419,2216183.000,2
200,0.355986,0.025157,0.081564,0.115260,906419,2553292.000,2
200,0.424324,0.026672,0.090584,0.122369,906419,2137780.000,2
200,0.339843,0.022849,0.079587,0.111283,906419,2673802.000,2
200,0.640745,0.027540,0.090137,0.116835,906419,1416279.000,2
200,0.553035,0.035434,0.163190,0.223782,906419,1639094.000,2
200,0.565944,0.057834,0.129934,0.177080,906419,1604281.000,2
200,0.515877,0.041048,0.107964,0.148970,906419,1760036.000,2
200,0.456202,0.032337,0.126518,0.156152,906419,1987760.000,2
200,0.549069,0.021796,0.083189,0.132566,906419,1651036.000,2
200,0.406137,0.024740,0.093043,0.122766,906419,2232559.000,2
200,0.529422,0.031036,0.116711,0.153241,906419,1713457.000,2
200,0.392936,0.025818,0.085454,0.125738,906419,2312293.000,2
200,0.495366,0.028861,0.089438,0.219846,906419,1831149.000,2
200,0.511219,0.060173,0.120940,0.156938,906419,1773814.000,2
200,0.545749,0.024724,0.089582,0.122607,906419,1663154.000,2
200,3.717829,0.143336,0.532543,0.761500,906419,243857.000,2
200,0.620757,0.162324,0.339184,0.377962,906419,1461966.000,2
200,0.648618,0.030329,0.113526,0.185332,906419,1398794.000,2
200,0.999052,0.025123,0.199903,0.231439,906419,907326.000,2
200,0.812825,0.026125,0.102158,0.133566,906419,1116279.000,2
200,0.667985,0.030712,0.090506,0.124587,906419,1358949.000,2
200,0.726830,0.025015,0.107749,0.138307,906419,1248511.000,2
200,0.479019,0.023445,0.119789,0.170247,906419,1892315.000,2
200,0.614036,0.058737,0.207647,0.254556,906419,1476252.000,2
200,0.457838,0.022587,0.106903,0.133690,906419,1983411.000,2
200,0.723814,0.031352,0.099826,0.255049,906419,1253691.000,2
200,0.405473,0.024885,0.104779,0.131789,906419,2238071.000,2
200,0.611135,0.023203,0.129596,0.169033,906419,1483500.000,2
200,0.647501,0.033187,0.089852,0.121954,906419,1400956.000,2
200,0.521951,0.067370,0.145737,0.181443,906419,1739767.000,2
200,0.521520,0.026817,0.090366,0.116323,906419,1739767.000,2
200,0.471888,0.030903,0.107869,0.137153,906419,1924456.000,2
200,0.639560,0.046775,0.159722,0.221151,906419,1418496.000,2
200,0.496759,0.029437,0.107296,0.141808,906419,1827457.000,2
200,0.337577,0.021379,0.082762,0.111175,906419,2689670.000,2
200,0.408082,0.029080,0.133894,0.161225,906419,2221615.000,2
200,0.413435,0.022487,0.102640,0.133559,906419,2194719.000,2
200,0.361311,0.022387,0.091663,0.129917,906419,2510855.000,2
200,0.474341,0.034702,0.124698,0.152691,906419,1912276.000,2
200,0.423866,0.030494,0.090166,0.120898,906419,2142834.000,2
200,0.494899,0.032980,0.100881,0.174778,906419,1834856.000,2
200,0.373200,0.024722,0.084233,0.112407,906419,2430077.000,2
200,0.427701,0.026188,0.087959,0.122793,906419,2122761.000,2
200,0.389398,0.056469,0.118820,0.186587,906419,2330125.000,2
200,0.538279,0.028512,0.144000,0.184980,906419,1684793.000,2
200,0.530694,0.030922,0.093881,0.137801,906419,1710224.000,2
200,0.472903,0.033119,0.103050,0.130326,906419,1920379.000,2
200,0.425581,0.021475,0.090971,0.159883,906419,2132750.000,2
200,0.392234,0.021921,0.079964,0.108936,906419,2312293.000,2
200,0.404584,0.025241,0.085680,0.118235,906419,2243611.000,2
200,0.409305,0.025424,0.082133,0.109614,906419,2216183.000,2
200,0.417350,0.025205,0.088777,0.116395,906419,2173666.000,2
200,0.468543,0.018768,0.081017,0.110506,906419,1936792.000,2
200,0.421290,0.025409,0.085989,0.123070,906419,2153014.000,2
200,0.713630,0.029401,0.119918,0.149618,906419,1271274.000,2
200,0.515582,0.021408,0.089399,0.123809,906419,1760036.000,2
200,0.356722,0.022774,0.085031,0.120537,906419,2546120.000,2
200,0.436066,0.022184,0.083610,0.113575,906419,2078942.000,2
200,0.474940,0.028116,0.095770,0.141467,906419,1912276.000,2
200,0.439156,0.045595,0.127157,0.151791,906419,2064735.000,2
200,0.366831,0.024557,0.090022,0.116425,906419,2476554.000,2
200,0.401758,0.024377,0.117861,0.143682,906419,2260396.000,2
200,0.390929,0.032862,0.114379,0.145049,906419,2324151.000,2
200,0.383749,0.023098,0.096684,0.126504,906419,2366629.000,2
200,0.399285,0.022374,0.084958,0.149230,906419,2271726.000,2
200,0.525919,0.028146,0.104467,0.137872,906419,1726512.000,2
200,0.541260,0.040553,0.238019,0.277958,906419,1675451.000,2
200,0.372356,0.024751,0.104739,0.127767,906419,2436610.000,2
200,0.462799,0.040900,0.169429,0.196417,906419,1961945.000,2
200,0.363444,0.033274,0.119147,0.151505,906419,2497022.000,2
200,0.344360,0.022503,0.086042,0.118377,906419,2634938.000,2
200,0.508098,0.025936,0.089972,0.118617,906419,1784289.000,2
200,0.368347,0.023627,0.092068,0.119997,906419,2463095.000,2
200,0.343779,0.022167,0.088993,0.123663,906419,2642620.000,2
200,0.464620,0.023230,0.085270,0.113579,906419,1953489.000,2
200,0.431539,0.025591,0.085550,0.114707,906419,2103060.000,2
200,0.489254,0.026477,0.148171,0.176735,906419,1853617.000,2
200,0.503830,0.021886,0.096799,0.159333,906419,1802025.000,2
200,0.501401,0.039047,0.107155,0.135026,906419,1809219.000,2
200,0.648843,0.108425,0.334124,0.366575,906419,1398794.000,2
200,0.539643,0.027295,0.111857,0.152545,906419,1681667.000,2
200,0.576158,0.027892,0.116519,0.156217,906419,1573644.000,2
200,0.524027,0.039374,0.131470,0.157389,906419,1729807.000,2
200,0.353624,0.027534,0.089515,0.116395,906419,2567759.000,2
200,0.402977,0.051373,0.115187,0.156601,906419,2254773.000,2
200,0.637295,0.061890,0.123831,0.157671,906419,1422949.000,2
200,0.410187,0.031610,0.123962,0.157509,906419,2210778.000,2
200,0.396045,0.018942,0.089308,0.120108,906419,2288936.000,2
200,0.558532,0.028306,0.139964,0.197714,906419,1624406.000,2
200,0.570906,0.025887,0.094515,0.152301,906419,1590208.000,2
200,0.858380,0.074439,0.302457,0.367940,906419,1056432.000,2
200,0.654695,0.219609,0.297041,0.326789,906419,1385961.000,2
200,0.416839,0.027112,0.095283,0.128640,906419,2178891.000,2
200,0.415302,0.036401,0.109544,0.167415,906419,2184142.000,2
200,0.453005,0.021125,0.088311,0.111191,906419,2000924.000,2
200,0.357453,0.022787,0.091232,0.120442,906419,2538988.000,2
200,0.996633,0.067405,0.210609,0.298503,906419,910059.000,2
200,0.482835,0.069400,0.138291,0.179871,906419,1880537.000,2
200,0.822786,0.022194,0.095539,0.275713,906419,1102699.000,2
200,0.670060,0.033639,0.103697,0.133572,906419,1352864.000,2
200,0.424105,0.025015,0.103980,0.145394,906419,2137780.000,2
200,0.573738,0.038406,0.143706,0.245100,906419,1581883.000,2
200,0.545894,0.026768,0.089706,0.119775,906419,1663154.000,2
200,0.763154,0.026656,0.094162,0.146875,906419,1187967.000,2
200,0.469949,0.040855,0.108431,0.160159,906419,1932663.000,2
200,0.448937,0.054526,0.123446,0.160981,906419,2023256.000,2
200,0.510961,0.034843,0.167132,0.210844,906419,1777292.000,2
200,0.527573,0.027915,0.146479,0.174917,906419,1719960.000,2
200,0.550723,0.039993,0.149865,0.179626,906419,1648034.000,2
200,0.640951,0.029589,0.119647,0.145894,906419,1416279.000,2
200,0.479035,0.034365,0.118891,0.148415,906419,1892315.000,2
200,0.436507,0.040967,0.154250,0.181716,906419,2078942.000,2
200,0.413519,0.026671,0.096320,0.119803,906419,2194719.000,2
200,0.436882,0.024228,0.094201,0.130194,906419,2078942.000,2
200,0.536730,0.064324,0.149118,0.176910,906419,1691080.000,2
200,0.403509,0.042322,0.121686,0.155439,906419,2249178.000,2
200,0.604085,0.034105,0.117259,0.159358,906419,1500693.000,2
200,0.438190,0.025981,0.103480,0.148536,906419,2069449.000,2
200,0.533580,0.086016,0.151754,0.178714,906419,1700598.000,2
200,0.397937,0.026031,0.085915,0.126915,906419,2283171.000,2
200,0.534758,0.024827,0.087667,0.114144,906419,1697413.000,2
200,0.353821,0.024195,0.094333,0.124021,906419,2567759.000,2
200,0.545730,0.023063,0.099875,0.176253,906419,1663154.000,2
200,0.591182,0.082320,0.169617,0.197561,906419,1533703.000,2
200,0.798568,0.044348,0.177415,0.258736,906419,1135863.000,2
200,0.952358,0.028370,0.111525,0.151780,906419,952120.000,2
200,0.494703,0.041786,0.108263,0.134152,906419,1834856.000,2
200,0.671683,0.103385,0.249476,0.287973,906419,1350847.000,2
200,0.377471,0.022566,0.082740,0.107915,906419,2404294.000,2
200,0.431483,0.029842,0.119460,0.152146,906419,2103060.000,2
200,0.346390,0.023075,0.090874,0.118051,906419,2619708.000,2
200,0.526059,0.038926,0.114647,0.156479,906419,1723230.000,2
200,0.826153,0.026976,0.085377,0.117702,906419,1097359.000,2
200,0.746960,0.045513,0.145266,0.170043,906419,1215038.000,2
200,0.569212,0.030443,0.093307,0.127029,906419,1593003.000,2
200,0.643625,0.070597,0.241081,0.279752,906419,1409671.000,2
200,0.447532,0.036513,0.100259,0.128257,906419,2027782.000,2
200,0.517407,0.022279,0.078762,0.104929,906419,1753228.000,2
200,0.612678,0.022446,0.078922,0.107766,906419,1481076.000,2
200,0.745305,0.025003,0.103836,0.132628,906419,1216669.000,2
200,0.576247,0.021996,0.087811,0.115997,906419,1573644.000,2
200,0.748874,0.091743,0.352707,0.382105,906419,1211790.000,2
200,1.305848,0.029060,0.108925,0.136640,906419,694573.000,2
200,1.372572,0.022976,0.112423,0.139494,906419,660655.000,2
200,0.625009,0.020853,0.103161,0.128136,906419,1450270.000,2
200,0.602556,0.024122,0.101999,0.152505,906419,1505679.000,2
200,0.601853,0.023442,0.080050,0.141939,906419,1508184.000,2
200,0.669170,0.028365,0.132165,0.162646,906419,1354886.000,2
200,0.519149,0.031267,0.126513,0.155972,906419,1746472.000,2
200,0.497887,0.023555,0.089649,0.117444,906419,1823780.000,2
200,0.907398,0.026498,0.085679,0.117958,906419,999359.000,2
200,0.914904,0.018106,0.081150,0.106616,906419,991705.000,2
200,0.654983,0.046311,0.148993,0.177439,906419,1385961.000,2
200,0.977429,0.041287,0.218167,0.256914,906419,927757.000,2
200,0.960557,0.099720,0.193742,0.225109,906419,944186.000,2
200,1.076818,0.174914,0.283725,0.309218,906419,842396.000,2
200,0.556061,0.048159,0.112983,0.144774,906419,1630250.000,2
200,0.454086,0.033965,0.091167,0.123318,906419,1996517.000,2
200,0.455183,0.019264,0.111942,0.146650,906419,1992129.000,2
200,0.344610,0.024651,0.085756,0.113842,906419,2634938.000,2
200,0.651468,0.045223,0.212939,0.293498,906419,1392348.000,2
200,0.392600,0.028758,0.110490,0.146667,906419,2312293.000,2
200,0.594949,0.064425,0.190469,0.217471,906419,1525957.000,2
200,0.537519,0.042742,0.123416,0.182832,906419,1687931.000,2
200,0.359439,0.024092,0.087988,0.116571,906419,2524844.000,2
200,0.435377,0.034880,0.107753,0.163150,906419,2083721.000,2
200,0.414388,0.024192,0.085421,0.117544,906419,2189417.000,2
200,0.519001,0.024105,0.087039,0.124186,906419,1746472.000,2
200,0.487499,0.043050,0.133941,0.160367,906419,1861229.000,2
200,0.464457,0.029067,0.105077,0.135429,906419,1953489.000,2
200,0.842759,0.019934,0.087366,0.118149,906419,1076507.000,2
200,0.773787,0.040675,0.138138,0.170552,906419,1172598.000,2
200,6.010708,0.027202,0.150427,0.227263,906419,150818.000,2
200,0.535996,0.087191,0.162127,0.199609,906419,1694241.000,2
200,0.572119,0.033311,0.132000,0.158721,906419,1584648.000,2
200,0.676536,0.018280,0.117690,0.145722,906419,1340856.000,2
200,0.378781,0.048071,0.123808,0.150414,906419,2397933.000,2
200,0.676403,0.024277,0.082816,0.158165,906419,1340856.000,2
200,0.497983,0.030021,0.105806,0.136961,906419,1823780.000,2
200,0.514787,0.076249,0.175180,0.207383,906419,1763461.000,2
200,0.328473,0.021497,0.081541,0.106027,906419,2763472.000,2
200,0.843756,0.040640,0.118059,0.161146,906419,1075230.000,2
200,0.375660,0.038731,0.101613,0.128798,906419,2417117.000,2
200,0.342351,0.022689,0.084502,0.113509,906419,2650347.000,2
200,0.455241,0.054821,0.121004,0.150243,906419,1992129.000,2
200,0.476792,0.037272,0.152409,0.187290,906419,1904241.000,2
200,0.522470,0.039003,0.099387,0.133949,906419,1736434.000,2
200,0.551943,0.070144,0.138398,0.163632,906419,1645043.000,2
200,0.536943,0.037516,0.153833,0.190095,906419,1691080.000,2
200,0.713630,0.022185,0.310868,0.353862,906419,1271274.000,2
200,0.752558,0.054478,0.129525,0.177546,906419,1205344.000,2
200,0.433617,0.038137,0.117393,0.148924,906419,2093346.000,2
200,0.595069,0.056023,0.165428,0.205308,906419,1523393.000,2
200,0.593541,0.055164,0.152401,0.206136,906419,1528531.000,2
200,0.501870,0.029159,0.175175,0.200212,906419,1809219.000,2
200,0.388629,0.027677,0.100784,0.129385,906419,2336131.000,2
200,0.557202,0.057704,0.152328,0.195226,906419,1627323.000,2
200,0.580306,0.022024,0.088179,0.117488,906419,1562791.000,2
200,0.446393,0.034028,0.117450,0.144088,906419,2032329.000,2
200,0.623106,0.069235,0.164372,0.201935,906419,1454926.000,2
200,0.486026,0.022868,0.108995,0.169121,906419,1865059.000,2
200,0.471769,0.021822,0.112519,0.141455,906419,1924456.000,2
200,0.475121,0.020998,0.094888,0.135925,906419,1908250.000,2
200,0.580341,0.037911,0.120982,0.153339,906419,1562791.000,2
200,0.652058,0.028270,0.164415,0.226599,906419,1390213.000,2
200,0.686553,0.045528,0.144460,0.169960,906419,1321310.000,2
200,0.572346,0.029286,0.093545,0.129352,906419,1584648.000,2
200,0.875765,0.137232,0.249247,0.300076,906419,1035907.000,2
200,0.629532,0.049545,0.126811,0.163251,906419,1441047.000,2
200,0.462860,0.021921,0.082873,0.129211,906419,1961945.000,2
200,0.583299,0.019103,0.100344,0.130506,906419,1554749.000,2
200,0.570226,0.034741,0.139911,0.172416,906419,1590208.000,2
200,0.392056,0.022399,0.106761,0.138034,906419,2312293.000,2
200,0.446401,0.058658,0.134874,0.161566,906419,2032329.000,2
200,0.531531,0.030158,0.094195,0.146076,906419,1707003.000,2
200,0.534235,0.052019,0.139139,0.177263,906419,1697413.000,2
200,0.548968,0.060818,0.131025,0.174191,906419,1654049.000,2
200,1.418940,0.033107,0.112246,0.147631,906419,639223.000,2
200,0.481569,0.054933,0.120460,0.166478,906419,1884446.000,2
200,0.589838,0.025577,0.129220,0.159247,906419,1538911.000,2
200,0.515503,0.027213,0.102236,0.140742,906419,1760036.000,2
200,0.498927,0.029855,0.087236,0.119748,906419,1820118.000,2
200,0.441696,0.034686,0.095242,0.136072,906419,2055371.000,2
200,0.499781,0.035162,0.102454,0.135313,906419,1816470.000,2
200,0.471565,0.039834,0.105829,0.173605,906419,1924456.000,2
200,0.509641,0.017889,0.088744,0.125300,906419,1780783.000,2
200,0.761553,0.062166,0.341205,0.406869,906419,1191089.000,2
200,0.617633,0.039112,0.114673,0.184743,906419,1469074.000,2
200,0.814735,0.022271,0.135153,0.179313,906419,1113536.000,2
200,0.779044,0.088295,0.200986,0.227632,906419,1163567.000,2
200,0.530957,0.024072,0.104551,0.136252,906419,1710224.000,2
200,0.456329,0.082599,0.146982,0.175941,906419,1987760.000,2
200,0.803637,0.029003,0.091152,0.128342,906419,1128790.000,2
200,0.607014,0.088127,0.187342,0.219650,906419,1493276.000,2
200,0.377034,0.029732,0.094234,0.132803,906419,2404294.000,2
200,0.438473,0.025767,0.137287,0.166622,906419,2069449.000,2
200,0.563869,0.023278,0.112925,0.138210,906419,1609980.000,2
200,0.787719,0.066368,0.171642,0.196391,906419,1151739.000,2
200,0.612587,0.027144,0.096156,0.147803,906419,1481076.000,2
200,0.467767,0.023047,0.091226,0.122459,906419,1940940.000,2
200,0.445094,0.027386,0.093456,0.121922,906419,2036896.000,2
200,0.601639,0.098354,0.167832,0.220694,906419,1508184.000,2
200,0.458770,0.026867,0.085491,0.122053,906419,1979080.000,2
200,0.474109,0.055569,0.118822,0.151796,906419,1912276.000,2
200,0.497920,0.020457,0.081766,0.149471,906419,1823780.000,2
200,0.522087,0.038710,0.110369,0.141767,906419,1736434.000,2
200,0.748571,0.046133,0.145894,0.199929,906419,1211790.000,2
200,0.553880,0.031707,0.132272,0.205082,906419,1639094.000,2
200,0.403567,0.022950,0.091246,0.148695,906419,2249178.000,2
200,0.443886,0.032342,0.115087,0.151856,906419,2046092.000,2
200,0.630643,0.020518,0.096836,0.128503,906419,1438760.000,2
200,0.522956,0.021237,0.123363,0.153079,906419,1736434.000,2
200,0.523505,0.020708,0.093898,0.122016,906419,1733114.000,2
200,0.327645,0.022190,0.085772,0.113333,906419,2771923.000,2
200,0.404697,0.024173,0.084041,0.116048,906419,2243611.000,2
200,0.653369,0.045255,0.121178,0.163949,906419,1388084.000,2
200,0.394921,0.045499,0.116537,0.161922,906419,2300555.000,2
200,0.594022,0.020547,0.166956,0.195658,906419,1525957.000,2
200,0.345613,0.019297,0.077316,0.100686,906419,2627301.000,2
200,0.340883,0.024549,0.092356,0.132051,906419,2665938.000,2
200,0.338405,0.029424,0.093493,0.121458,906419,2681713.000,2
200,0.308701,0.023226,0.087781,0.115463,906419,2942918.000,2
200,0.351549,0.019668,0.081582,0.117416,906419,2582390.000,2
200,0.433228,0.017399,0.082639,0.108520,906419,2093346.000,2
200,0.335357,0.029470,0.090893,0.121829,906419,2705728.000,2
200,0.484098,0.098241,0.170228,0.209560,906419,1872766.000,2
200,0.418607,0.022318,0.084607,0.113212,906419,2168466.000,2
200,0.525365,0.022112,0.131486,0.160239,906419,1726512.000,2
200,0.360954,0.037629,0.110604,0.141514,906419,2517830.000,2
200,0.515734,0.060645,0.145174,0.248355,906419,1760036.000,2
200,0.358856,0.029464,0.102386,0.132445,906419,2531896.000,2
200,0.367178,0.023739,0.100626,0.124307,906419,2469806.000,2
200,0.350185,0.017610,0.079479,0.105783,906419,2589768.000,2
200,0.366897,0.042509,0.117918,0.149008,906419,2476554.000,2
200,0.343744,0.030497,0.091385,0.123492,906419,2642620.000,2
200,0.326070,0.040541,0.110311,0.136289,906419,2780426.000,2
200,0.391056,0.032451,0.092956,0.123437,906419,2318207.000,2
200,0.350618,0.023770,0.085099,0.112598,906419,2589768.000,2
200,0.300551,0.022626,0.086540,0.109357,906419,3021396.000,2
200,0.389639,0.025650,0.083717,0.108909,906419,2330125.000,2
200,0.505940,0.024737,0.090956,0.136817,906419,1794889.000,2
200,0.532711,0.072486,0.164256,0.194015,906419,1703795.000,2
200,0.458168,0.022591,0.161215,0.189639,906419,1979080.000,2
200,0.390026,0.031665,0.094249,0.118690,906419,2324151.000,2
200,0.321838,0.022755,0.095380,0.127389,906419,2823735.000,2
200,0.394675,0.025891,0.090416,0.129049,906419,2300555.000,2
200,0.381667,0.021986,0.081330,0.109868,906419,2379052.000,2
200,0.408364,0.047342,0.109011,0.140432,906419,2221615.000,2
200,0.337171,0.023529,0.086876,0.115638,906419,2689670.000,2
200,0.366002,0.022808,0.081850,0.106025,906419,2476554.000,2
200,0.495411,0.039288,0.105029,0.138011,906419,1831149.000,2
200,0.432021,0.023754,0.141261,0.173711,906419,2098192.000,2
200,0.556029,0.063761,0.161572,0.198135,906419,1630250.000,2
200,0.588814,0.087884,0.186662,0.219010,906419,1541528.000,2
200,0.468357,0.023079,0.091185,0.121766,906419,1936792.000,2
200,0.538948,0.024559,0.122499,0.163364,906419,1684793.000,2
200,0.412318,0.025434,0.107171,0.141183,906419,2200046.000,2
200,0.671268,0.025761,0.085030,0.127731,906419,1350847.000,2
200,0.360713,0.029142,0.104007,0.140190,906419,2517830.000,2
200,0.371198,0.029889,0.090140,0.121054,906419,2443177.000,2
200,0.333623,0.022766,0.081884,0.113186,906419,2721978.000,2
200,0.335965,0.026945,0.093410,0.124911,906419,2705728.000,2
200,0.293588,0.018950,0.085094,0.109210,906419,3093580.000,2
200,0.540796,0.030337,0.108226,0.141070,906419,1678553.000,2
200,0.723402,0.065863,0.164920,0.231019,906419,1253691.000,2
200,0.413325,0.029543,0.097740,0.131233,906419,2194719.000,2
200,0.473325,0.040232,0.122810,0.166908,906419,1916319.000,2
200,0.478581,0.037680,0.144851,0.191937,906419,1896274.000,2
200,0.525267,0.139524,0.207152,0.246355,906419,1726512.000,2
200,0.510612,0.034052,0.104114,0.150229,906419,1777292.000,2
200,0.458267,0.039493,0.131116,0.159573,906419,1979080.000,2
200,0.742273,0.042038,0.153949,0.192737,906419,1221588.000,2
200,0.897549,0.041307,0.168774,0.200470,906419,1010500.000,2
200,0.752661,0.026109,0.184151,0.233397,906419,1205344.000,2
200,0.510318,0.037629,0.123126,0.163109,906419,1777292.000,2
200,0.640550,0.037639,0.101289,0.131723,906419,1416279.000,2
200,0.736719,0.094392,0.287897,0.327470,906419,1231547.000,2
200,0.309583,0.022352,0.083173,0.110027,906419,2933394.000,2
200,0.384722,0.042011,0.102456,0.134875,906419,2360466.000,2
200,0.390470,0.063662,0.125899,0.151770,906419,2324151.000,2
200,0.378103,0.024540,0.085907,0.113688,906419,2397933.000,2
200,0.401007,0.021967,0.081691,0.100923,906419,2260396.000,2
200,0.346407,0.018589,0.082334,0.109546,906419,2619708.000,2
200,0.380672,0.021405,0.082462,0.110805,906419,2385313.000,2
200,0.349165,0.026880,0.106342,0.133423,906419,2597189.000,2
200,0.396709,0.067753,0.132755,0.158808,906419,2288936.000,2
200,0.289430,0.019201,0.083575,0.110030,906419,3136397.000,2
200,0.355624,0.021998,0.078166,0.107622,906419,2553292.000,2
200,0.348325,0.022776,0.086548,0.111970,906419,2604652.000,2
200,0.427170,0.069864,0.154169,0.188213,906419,2122761.000,2
200,0.306101,0.020791,0.077248,0.102195,906419,2962153.000,2
200,0.325520,0.024529,0.085790,0.118357,906419,2788981.000,2
200,0.327709,0.031455,0.093997,0.124209,906419,2771923.000,2
200,0.451422,0.022066,0.081529,0.134820,906419,2009798.000,2
200,0.319572,0.026244,0.088805,0.122778,906419,2841438.000,2
200,0.559715,0.035360,0.105701,0.134919,906419,1621500.000,2
200,0.472578,0.021891,0.087311,0.146706,906419,1920379.000,2
200,0.449937,0.054797,0.130348,0.167370,906419,2018750.000,2
200,0.466581,0.023292,0.148005,0.181523,906419,1945105.000,2
200,0.333780,0.035589,0.096360,0.123126,906419,2721978.000,2
200,0.365962,0.023105,0.080518,0.106825,906419,2483339.000,2
200,0.378943,0.022481,0.080826,0.110193,906419,2397933.000,2
200,0.364455,0.023370,0.085124,0.112975,906419,2490162.000,2
200,0.365829,0.037786,0.141293,0.168255,906419,2483339.000,2
200,0.335703,0.022753,0.090376,0.118681,906419,2705728.000,2
200,0.391987,0.024916,0.099649,0.130153,906419,2318207.000,2
200,0.289862,0.023115,0.082285,0.111309,906419,3136397.000,2
200,0.409565,0.023939,0.096444,0.133984,906419,2216183.000,2
200,0.753060,0.023620,0.187729,0.289833,906419,1203743.000,2
200,0.417991,0.025906,0.083874,0.113267,906419,2173666.000,2
200,0.492019,0.021638,0.114123,0.183612,906419,1842315.000,2
200,0.333457,0.026330,0.093686,0.118462,906419,2721978.000,2
200,0.398603,0.024250,0.130469,0.160615,906419,2277434.000,2
200,0.388854,0.061784,0.138493,0.175340,906419,2336131.000,2
200,0.353720,0.022724,0.078645,0.130279,906419,2567759.000,2
200,0.388806,0.022417,0.092575,0.119577,906419,2336131.000,2
200,0.366356,0.025829,0.083432,0.106744,906419,2476554.000,2
200,0.383994,0.032175,0.135197,0.163886,906419,2366629.000,2
200,0.368067,0.024561,0.111634,0.137929,906419,2463095.000,2
200,0.516893,0.019332,0.093002,0.134787,906419,1756625.000,2
200,0.425379,0.035660,0.095611,0.122398,906419,2132750.000,2
200,0.788037,0.033431,0.187791,0.226555,906419,1150277.000,2
200,0.437292,0.022994,0.088453,0.133581,906419,2074185.000,2
200,0.579440,0.030239,0.095901,0.132108,906419,1565490.000,2
200,0.817714,0.052699,0.371879,0.468268,906419,1109447.000,2
200,0.349619,0.027617,0.090238,0.114577,906419,2597189.000,2
200,0.346086,0.028200,0.109385,0.135215,906419,2619708.000,2
200,0.320655,0.030332,0.090362,0.122295,906419,2832559.000,2
200,0.370127,0.047684,0.106178,0.136413,906419,2449781.000,2
200,0.645503,0.040401,0.123168,0.185909,906419,1405300.000,2
200,0.440302,0.025477,0.090162,0.126039,906419,2060043.000,2
200,0.353999,0.041879,0.112806,0.137180,906419,2567759.000,2
200,0.400200,0.022735,0.086414,0.112367,906419,2266047.000,2
200,0.339079,0.023372,0.084390,0.112431,906419,2673802.000,2
200,0.466264,0.021054,0.085825,0.123831,906419,1945105.000,2
200,0.349444,0.022631,0.092375,0.123464,906419,2597189.000,2
200,0.363525,0.024473,0.087789,0.117029,906419,2497022.000,2
200,0.461781,0.053670,0.162652,0.195694,906419,1966201.000,2
200,0.436544,0.061954,0.132103,0.159084,906419,2078942.000,2
200,0.776579,0.061857,0.257493,0.335328,906419,1168065.000,2
200,0.350236,0.027408,0.094861,0.145797,906419,2589768.000,2
200,0.375334,0.029001,0.106306,0.144236,906419,2417117.000,2
200,0.511874,0.043786,0.268202,0.299881,906419,1773814.000,2
200,0.303755,0.022375,0.078425,0.109906,906419,2991481.000,2
200,0.305733,0.021895,0.090789,0.119118,906419,2971865.000,2
200,0.315868,0.022413,0.089143,0.114961,906419,2877520.000,2
200,0.362183,0.022472,0.082986,0.113880,906419,2503919.000,2
200,0.348945,0.022646,0.088066,0.117662,906419,2604652.000,2
200,0.373588,0.025866,0.104114,0.158575,906419,2430077.000,2
200,0.327421,0.026288,0.086639,0.112373,906419,2771923.000,2
200,0.313051,0.023700,0.081581,0.113021,906419,2895907.000,2
200,0.347393,0.022821,0.097007,0.123962,906419,2612158.000,2
200,0.523573,0.032700,0.095416,0.135554,906419,1733114.000,2
200,0.487718,0.029753,0.121794,0.151440,906419,1861229.000,2
200,0.353881,0.022793,0.090582,0.125538,906419,2567759.000,2
200,0.359801,0.037378,0.127206,0.148076,906419,2524844.000,2
200,0.326958,0.022688,0.084434,0.109152,906419,2780426.000,2
200,0.358497,0.023486,0.081890,0.111192,906419,2531896.000,2
200,0.373532,0.018585,0.085841,0.117442,906419,2430077.000,2
200,0.317815,0.021905,0.085926,0.110118,906419,2859365.000,2
200,0.393633,0.023891,0.087640,0.121411,906419,2306409.000,2
200,0.310530,0.025231,0.084266,0.109762,906419,2923932.000,2
200,0.385726,0.023660,0.085437,0.113093,906419,2354335.000,2
200,0.361884,0.023304,0.085407,0.115038,906419,2510855.000,2
200,0.507027,0.022722,0.096978,0.148156,906419,1787808.000,2
200,0.600958,0.021071,0.078348,0.108531,906419,1510698.000,2
200,0.572385,0.036890,0.158301,0.192706,906419,1584648.000,2
200,0.533906,0.030195,0.219300,0.270418,906419,1700598.000,2
200,0.345030,0.021157,0.105431,0.131684,906419,2627301.000,2
200,0.340648,0.068040,0.127704,0.154886,906419,2665938.000,2
200,0.333956,0.024052,0.098463,0.121481,906419,2721978.000,2
200,0.487609,0.054596,0.110425,0.137323,906419,1861229.000,2
200,0.342685,0.022566,0.085026,0.113218,906419,2650347.000,2
200,0.315445,0.023032,0.081959,0.107767,906419,2877520.000,2
200,0.327118,0.026312,0.087782,0.112958,906419,2771923.000,2
200,0.385833,0.020231,0.080184,0.116323,906419,2354335.000,2
200,0.352445,0.018718,0.091839,0.121880,906419,2575053.000,2
200,0.426442,0.027683,0.087910,0.120485,906419,2127744.000,2
200,0.967818,0.029220,0.091439,0.126381,906419,937351.000,2
200,0.475303,0.073389,0.135284,0.171139,906419,1908250.000,2
200,0.314978,0.023617,0.083584,0.109532,906419,2886684.000,2
200,0.379961,0.035126,0.108340,0.137911,906419,2391606.000,2
200,0.348756,0.023265,0.112786,0.138420,906419,2604652.000,2
200,0.337254,0.025024,0.085489,0.115252,906419,2689670.000,2
200,0.438237,0.022524,0.093886,0.122053,906419,2069449.000,2
200,0.379760,0.031006,0.093242,0.126950,906419,2391606.000,2
200,1.283077,0.027163,0.093151,0.123430,906419,706484.000,2
200,0.721202,0.184271,0.304793,0.369693,906419,1257169.000,2
200,0.789828,0.045601,0.131623,0.162016,906419,1148820.000,2
200,0.358301,0.031345,0.094169,0.125008,906419,2531896.000,2
200,0.624015,0.023431,0.083199,0.111932,906419,1452594.000,2
200,1.119515,0.026367,0.231537,0.293526,906419,810025.000,2
200,2.142653,0.038686,0.113635,0.145147,906419,423164.000,2
200,0.891343,0.138610,0.219942,0.285778,906419,1017305.000,2
200,0.541547,0.068361,0.173951,0.202397,906419,1675451.000,2
200,0.564438,0.022941,0.117629,0.143593,906419,1607125.000,2
200,0.509395,0.055310,0.118339,0.163626,906419,1780783.000,2
200,0.508626,0.040138,0.131896,0.159795,906419,1784289.000,2
200,1.680660,0.133081,0.359258,0.472356,906419,539535.000,2
200,0.667394,0.021996,0.087721,0.121469,906419,1358949.000,2
200,0.684684,0.053917,0.157679,0.305835,906419,1325173.000,2
200,0.787349,0.030750,0.085532,0.113194,906419,1151739.000,2
200,0.545953,0.097381,0.207101,0.234925,906419,1663154.000,2
200,0.344230,0.024382,0.089653,0.116777,906419,2634938.000,2
200,0.574002,0.032004,0.103522,0.131297,906419,1579127.000,2
200,2.026311,0.100247,0.416324,0.442801,906419,447393.000,2
200,0.528029,0.028685,0.123542,0.167808,906419,1716702.000,2
200,0.374416,0.025225,0.088813,0.143804,906419,2423580.000,2
200,0.403121,0.018448,0.126236,0.156830,906419,2249178.000,2
200,0.412427,0.019621,0.119301,0.148239,906419,2200046.000,2
200,0.376092,0.019692,0.106372,0.140823,906419,2410688.000,2
200,0.369217,0.025692,0.107451,0.134547,906419,2456420.000,2
200,1.224128,0.045104,0.176926,0.260074,906419,740538.000,2
200,0.621624,0.037301,0.095478,0.133447,906419,1459611.000,2
200,0.511036,0.035785,0.132282,0.157809,906419,1773814.000,2
200,0.457361,0.022883,0.170865,0.195739,906419,1983411.000,2
200,0.361726,0.028628,0.093697,0.128587,906419,2510855.000,2
200,0.374759,0.022129,0.088130,0.109888,906419,2423580.000,2
200,0.482275,0.033673,0.096120,0.120078,906419,1880537.000,2
200,0.351441,0.031787,0.089384,0.133827,906419,2582390.000,2
200,0.349322,0.022028,0.077948,0.129661,906419,2597189.000,2
200,0.555926,0.028377,0.096635,0.127645,906419,1633187.000,2
200,0.669178,0.115503,0.348326,0.374017,906419,1354886.000,2
200,0.504027,0.037732,0.120075,0.148352,906419,1798450.000,2
200,0.683672,0.027670,0.110048,0.162011,906419,1327114.000,2
200,0.610814,0.036080,0.228738,0.272375,906419,1485932.000,2
200,0.386910,0.023408,0.092311,0.120943,906419,2348235.000,2
200,0.404205,0.028031,0.082408,0.107983,906419,2243611.000,2
200,0.798608,0.104152,0.238334,0.268252,906419,1135863.000,2
200,0.369092,0.025602,0.087506,0.119076,906419,2456420.000,2
200,1.636939,0.029938,0.141501,0.171829,906419,554045.000,2
200,0.389824,0.045950,0.134412,0.164239,906419,2330125.000,2
200,0.482172,0.038178,0.097653,0.127114,906419,1880537.000,2
200,0.434878,0.042181,0.104055,0.129154,906419,2088523.000,2
200,0.362917,0.025042,0.105178,0.131719,906419,2503919.000,2
200,0.574962,0.022426,0.116186,0.144068,906419,1579127.000,2
200,0.487155,0.083133,0.163849,0.189090,906419,1861229.000,2
200,0.652228,0.034926,0.097644,0.141258,906419,1390213.000,2
200,0.733791,0.020258,0.108767,0.133860,906419,1236587.000,2
200,0.393569,0.019383,0.083549,0.108766,906419,2306409.000,2
200,0.391746,0.024766,0.096434,0.129465,906419,2318207.000,2
200,0.408123,0.063439,0.132865,0.165359,906419,2221615.000,2
200,0.373570,0.023182,0.088239,0.116229,906419,2430077.000,2
200,0.428727,0.031055,0.097236,0.130464,906419,2117801.000,2
200,0.556097,0.023682,0.088037,0.121742,906419,1630250.000,2
200,0.631818,0.028113,0.123319,0.168249,906419,1436480.000,2
200,2.544475,0.023027,0.417709,0.512666,906419,356296.000,2
200,2.259698,0.045536,0.347931,0.458165,906419,401247.000,2
200,0.362968,0.026282,0.112897,0.140542,906419,2503919.000,2
200,0.355599,0.021898,0.085331,0.112295,906419,2553292.000,2
200,0.307968,0.022040,0.080320,0.106815,906419,2952504.000,2
200,0.346288,0.027771,0.095574,0.127583,906419,2619708.000,2
200,0.558494,0.025849,0.104037,0.125631,906419,1624406.000,2
200,2.036519,0.019640,0.369261,0.575003,906419,445195.000,2
200,1.699239,0.101671,0.319968,0.424534,906419,533501.000,2
200,1.850697,0.105956,0.394568,0.464314,906419,489956.000,2
200,0.476427,0.045872,0.174710,0.216143,906419,1904241.000,2
200,0.518498,0.031056,0.101389,0.126670,906419,1749843.000,2
200,0.380025,0.022590,0.085662,0.115916,906419,2385313.000,2
200,0.504565,0.021528,0.083012,0.110594,906419,1798450.000,2
200,0.339487,0.022531,0.084450,0.111171,906419,2673802.000,2
200,0.474335,0.023433,0.080791,0.109346,906419,1912276.000,2
200,1.289806,0.107005,0.317841,0.446624,906419,703195.000,2
200,0.313060,0.029788,0.095454,0.120925,906419,2895907.000,2
200,0.414244,0.021920,0.081862,0.118192,906419,2189417.000,2
200,0.484221,0.044943,0.170203,0.202842,906419,1872766.000,2
200,0.403665,0.040821,0.116855,0.148677,906419,2249178.000,2
200,0.343972,0.024691,0.089497,0.118034,906419,2642620.000,2
200,0.338880,0.024682,0.093806,0.115998,906419,2681713.000,2
200,0.454995,0.022731,0.080905,0.169724,906419,1996517.000,2
200,0.466043,0.021430,0.086000,0.123166,906419,1945105.000,2
200,0.492159,0.109288,0.197852,0.217737,906419,1842315.000,2
200,0.492821,0.062940,0.126524,0.151218,906419,1842315.000,2
200,0.291974,0.021949,0.076254,0.103238,906419,3114841.000,2
200,0.525671,0.040356,0.175160,0.199310,906419,1726512.000,2
200,0.333395,0.026268,0.088592,0.117171,906419,2721978.000,2
200,0.451312,0.032423,0.099312,0.126257,906419,2009798.000,2
200,0.377138,0.041027,0.115518,0.146962,906419,2404294.000,2
200,0.498738,0.027829,0.156599,0.195163,906419,1820118.000,2
200,0.390804,0.059919,0.142641,0.173344,906419,2324151.000,2
200,0.320815,0.021414,0.078428,0.106281,906419,2832559.000,2
200,0.562317,0.028456,0.115338,0.161043,906419,1612845.000,2
200,1.325912,0.027037,0.100665,0.136885,906419,684089.000,2
200,0.350369,0.020984,0.102322,0.125669,906419,2589768.000,2
200,0.324014,0.044027,0.102409,0.129777,906419,2797589.000,2
200,0.376203,0.019448,0.081512,0.110056,906419,2410688.000,2
200,0.636206,0.036091,0.146162,0.200672,906419,1425187.000,2
200,0.418799,0.019337,0.093081,0.137029,906419,2168466.000,2
200,0.723346,0.029341,0.143837,0.175511,906419,1253691.000,2
200,0.628225,0.057011,0.122796,0.157485,906419,1443342.000,2
200,0.519800,0.050066,0.121198,0.167595,906419,1746472.000,2
200,0.311780,0.030015,0.087299,0.112568,906419,2914530.000,2
200,0.555309,0.077699,0.158782,0.189092,906419,1633187.000,2
200,0.690965,0.103210,0.175068,0.223203,906419,1313650.000,2
200,0.459072,0.034619,0.168098,0.198180,906419,1974769.000,2
200,0.335233,0.021851,0.093803,0.121528,906419,2705728.000,2
200,0.356857,0.032050,0.103386,0.141236,906419,2546120.000,2
200,0.454291,0.083918,0.152560,0.176040,906419,1996517.000,2
200,0.297440,0.025095,0.081965,0.111047,906419,3051915.000,2
200,0.359770,0.025424,0.080655,0.102235,906419,2524844.000,2
200,0.502205,0.022055,0.077871,0.103071,906419,1805615.000,2
200,0.520429,0.030184,0.121489,0.176540,906419,1743113.000,2
200,0.322658,0.025627,0.089903,0.114535,906419,2814965.000,2
200,0.314071,0.020546,0.077579,0.104506,906419,2886684.000,2
200,0.605775,0.023263,0.090926,0.122301,906419,1498213.000,2
200,0.572395,0.037673,0.112131,0.150910,906419,1584648.000,2
200,0.855315,0.057572,0.119828,0.162310,906419,1060139.000,2
200,2.657950,0.123851,0.268569,0.316219,906419,341143.000,2
200,0.625423,0.086248,0.168513,0.292292,906419,1450270.000,2
200,0.344376,0.022309,0.084436,0.113892,906419,2634938.000,2
200,0.381332,0.022783,0.086726,0.130590,906419,2379052.000,2
200,0.413689,0.042127,0.126372,0.160339,906419,2194719.000,2
200,0.539350,0.118727,0.221355,0.250443,906419,1681667.000,2
200,0.358818,0.025281,0.096758,0.122096,906419,2531896.000,2
200,0.325910,0.022276,0.084113,0.109656,906419,2788981.000,2
200,0.361610,0.022721,0.083349,0.122748,906419,2510855.000,2
200,0.364131,0.027170,0.085369,0.113767,906419,2490162.000,2
200,0.529634,0.027389,0.130597,0.174825,906419,1713457.000,2
200,0.399073,0.025134,0.088453,0.113661,906419,2271726.000,2
200,0.677886,0.031888,0.126761,0.185854,906419,1338875.000,2
200,0.593462,0.034731,0.123616,0.157084,906419,1528531.000,2
200,0.795140,0.030524,0.147723,0.188080,906419,1140149.000,2
200,0.739129,0.028835,0.366375,0.424446,906419,1226548.000,2
200,0.387308,0.024045,0.091341,0.119567,906419,2342167.000,2
200,0.386556,0.023025,0.089863,0.117074,906419,2348235.000,2
200,0.346532,0.020149,0.077617,0.112979,906419,2619708.000,2
200,0.350274,0.021974,0.085823,0.112984,906419,2589768.000,2
200,0.473153,0.020086,0.084298,0.113730,906419,1916319.000,2
200,0.491850,0.036918,0.170751,0.208042,906419,1846067.000,2
200,0.387756,0.038982,0.142553,0.167154,906419,2342167.000,2
200,1.566737,0.024308,0.301023,0.346247,906419,578811.000,2
200,2.636470,0.105448,0.398895,0.508474,906419,343861.000,2
200,0.449253,0.078087,0.157345,0.202009,906419,2018750.000,2
200,0.442001,0.049611,0.126723,0.153253,906419,2050721.000,2
200,3.728258,0.227070,0.472262,0.570662,906419,243138.000,2
200,0.406152,0.022330,0.092375,0.117683,906419,2232559.000,2
200,0.369383,0.032952,0.111359,0.137998,906419,2456420.000,2
200,0.863406,0.022085,0.086667,0.118210,906419,1050311.000,2
200,1.447898,0.115899,0.345052,0.464455,906419,626412.000,2
200,0.457541,0.029141,0.087305,0.113772,906419,1983411.000,2
200,0.802388,0.028101,0.103701,0.230856,906419,1130198.000,2
200,0.332425,0.030193,0.085833,0.114101,906419,2730177.000,2
200,0.384067,0.028745,0.089972,0.119635,906419,2360466.000,2
200,0.326195,0.021203,0.080944,0.110934,906419,2780426.000,2
200,0.388412,0.028706,0.087621,0.115201,906419,2336131.000,2
200,0.384237,0.037860,0.097747,0.121469,906419,2360466.000,2
200,0.744478,0.029506,0.240905,0.266346,906419,1218305.000,2
200,1.283441,0.099854,0.441243,0.636565,906419,706484.000,2
200,0.398231,0.023316,0.139118,0.166833,906419,2277434.000,2
200,0.295798,0.024225,0.081693,0.106264,906419,3072606.000,2
200,0.380561,0.022416,0.082182,0.110725,906419,2385313.000,2
200,0.355717,0.023428,0.089320,0.127149,906419,2553292.000,2
200,0.342065,0.042591,0.119658,0.143589,906419,2650347.000,2
200,0.401643,0.023140,0.085162,0.116251,906419,2260396.000,2
200,0.621230,0.303192,0.389384,0.417193,906419,1459611.000,2
200,1.824609,0.037374,0.101087,0.133562,906419,496940.000,2
200,0.424104,0.089018,0.167029,0.188868,906419,2137780.000,2
200,0.862075,0.165709,0.258622,0.421307,906419,1051530.000,2
200,0.323759,0.018379,0.083771,0.111752,906419,2806250.000,2
200,0.390095,0.067602,0.130966,0.161845,906419,2324151.000,2
200,0.432359,0.042058,0.102688,0.172372,906419,2098192.000,2
200,0.322795,0.022417,0.082402,0.110504,906419,2814965.000,2
200,0.308245,0.021885,0.082931,0.113004,906419,2942918.000,2
200,0.741831,0.078456,0.140104,0.168828,906419,1223237.000,2
200,1.150521,0.191978,0.422028,0.628698,906419,788190.000,2
200,0.340572,0.024928,0.082560,0.116650,906419,2665938.000,2
200,0.303161,0.024729,0.082955,0.107171,906419,2991481.000,2
200,0.301063,0.026899,0.087503,0.113014,906419,3011358.000,2
200,0.290151,0.021675,0.076050,0.101505,906419,3125582.000,2
200,0.332369,0.021300,0.078005,0.106235,906419,2730177.000,2
200,0.310503,0.024864,0.086039,0.117240,906419,2923932.000,2
200,0.398819,0.016458,0.085098,0.110280,906419,2277434.000,2
200,0.400446,0.023569,0.106520,0.133050,906419,2266047.000,2
